act,agent,win_rate,non_mirror_wr,matches,total_matches,pick_rate_pct,kd_ratio,wr_diamond,wr_immortal,wr_immortal2,wr_radiant,m_diamond,m_immortal,m_immortal2,m_radiant,note
E6A3,Astra,50.05,0.0,227201,8721312,2.605,,50.03,50.18,49.67,50.26,118478,65250,25019,18454,ok
E7A1,Astra,50.2,0.0,451284,13239719,3.409,,50.04,50.1,50.73,50.08,143098,77863,88402,141921,ok
E7A2,Astra,48.33,0.0,77178,11455020,0.674,,48.39,48.01,48.6,49.38,49039,21763,3533,2843,ok
E7A3,Astra,50.1,0.0,318041,16793300,1.894,,50.11,50.25,49.51,50.23,168065,94536,29890,25550,ok
E8A1,Astra,50.15,0.0,169713,11823770,1.435,,50.15,50.08,50.11,50.78,111421,44258,8532,5502,ok
E8A2,Astra,45.98,0.0,60146,13784030,0.436,,46.23,45.85,45.07,43.23,39137,16686,2352,1971,ok
E8A3,Astra,47.33,0.0,61927,9127120,0.678,1.01,47.47,47.32,48.19,45.89,37122,16151,3115,5539,ok
E9A1,Astra,46.89,46.01,132241,12941820,1.022,1.004,46.82,46.81,46.47,47.42,67784,36863,7871,19723,ok
E9A2,Astra,50.13,0.0,262169,11665060,2.247,,49.96,49.89,50.84,50.56,130261,67733,40233,23942,ok
E9A3,Astra,47.41,46.38,342594,18446090,1.857,1.013,47.38,47.45,46.57,47.75,156644,95359,25301,65290,ok
V25A1,Astra,46.69,45.67,151224,8453790,1.789,1.005,46.76,46.18,45.79,48.36,80293,41633,13144,16154,ok
V25A2,Astra,47.36,46.1,162200,10558690,1.536,1.013,47.32,47.47,47.1,47.43,77541,45813,15715,23131,ok
V25A3,Astra,47.46,46.33,186430,14072740,1.325,1.014,47.55,47.07,46.97,48.37,94062,54857,14838,22673,ok
V25A4,Astra,46.38,46.25,31578,8396800,0.376,1.004,46.13,46.4,47.55,47.95,19691,8438,1428,2021,ok
V25A5,Astra,46.77,46.27,86059,10833910,0.794,1.001,46.53,46.84,46.33,47.84,42899,25068,6983,11109,ok
V25A6,Astra,46.53,45.67,202138,15819470,1.278,1.009,46.75,46.43,46.08,46.31,96311,57264,16604,31959,ok
V26A1,Astra,46.92,46.1,252451,13972480,1.807,1.008,47.25,46.49,47.78,46.22,128332,70517,16686,36916,ok
E6A3,Breach,49.1,0.0,320388,8721312,3.674,,49.13,49.23,48.88,48.59,178871,92846,30436,18235,ok
E7A1,Breach,48.79,0.0,506822,13239719,3.828,,49.04,49.1,48.55,48.31,202451,97502,85880,120989,ok
E7A2,Breach,48.38,0.0,208535,11455020,1.82,,48.47,48.31,47.97,47.66,133868,59471,8713,6483,ok
E7A3,Breach,48.83,0.0,377814,16793300,2.25,,48.93,48.87,48.39,47.83,226802,108553,26091,16368,ok
E8A1,Breach,48.4,0.0,223127,11823770,1.887,,48.63,48.11,47.09,46.96,154882,54063,8720,5462,ok
E8A2,Breach,48.65,0.0,269985,13784030,1.959,,48.85,48.39,48.61,47.13,171254,78545,12248,7938,ok
E8A3,Breach,48.63,0.0,212540,9127120,2.329,0.908,48.84,48.4,48.42,46.91,140249,55397,8354,8540,ok
E9A1,Breach,48.77,48.55,276385,12941820,2.136,0.908,48.88,48.57,48.02,49.09,166016,79436,12685,18248,ok
E9A2,Breach,48.6,0.0,269281,11665060,2.308,,48.84,48.52,48.46,46.12,160147,69593,27931,11610,ok
E9A3,Breach,48.79,48.54,408710,18446090,2.216,0.912,48.97,48.63,48.63,47.88,246219,120120,17279,25092,ok
V25A1,Breach,49.28,48.94,269367,8453790,3.186,0.909,49.45,49.57,47.63,48.64,153988,72664,18452,24263,ok
V25A2,Breach,49.34,48.98,385875,10558690,3.655,0.909,49.46,49.44,49.31,48.01,209682,117082,31400,27711,ok
V25A3,Breach,48.95,48.56,418588,14072740,2.974,0.904,49.2,48.75,48.67,47.86,239110,129729,27720,22029,ok
V25A4,Breach,48.33,47.91,153224,8396800,1.825,0.898,48.62,47.87,48.44,47.32,94419,43722,7767,7316,ok
V25A5,Breach,48.25,47.9,196817,10833910,1.817,0.897,48.63,48.0,47.0,44.88,120665,60643,10005,5504,ok
V25A6,Breach,47.57,47.19,219932,15819470,1.39,0.897,47.83,47.42,46.32,44.75,138265,67306,9936,4425,ok
V26A1,Breach,47.79,47.46,149390,13972480,1.069,0.903,47.97,47.45,46.01,48.52,104419,39285,3625,2061,ok
E6A3,Brimstone,51.6,0.0,530248,8721312,6.08,,51.62,51.73,51.31,51.0,311949,151383,42851,24065,ok
E7A1,Brimstone,51.32,0.0,795979,13239719,6.012,,51.8,51.61,50.63,50.66,337409,153791,125887,178892,ok
E7A2,Brimstone,49.64,0.0,235105,11455020,2.052,,49.62,49.77,49.85,48.89,149699,64244,11269,9893,ok
E7A3,Brimstone,51.4,0.0,687767,16793300,4.095,,51.4,51.68,51.07,50.37,407840,193695,50238,35994,ok
E8A1,Brimstone,51.47,0.0,398265,11823770,3.368,,51.49,51.58,51.32,50.5,269234,97683,18921,12427,ok
E8A2,Brimstone,47.92,0.0,204833,13784030,1.486,,48.08,47.95,47.35,45.22,135387,54486,8487,6473,ok
E8A3,Brimstone,49.12,0.0,131401,9127120,1.44,0.957,49.37,48.91,49.05,46.82,88541,31478,4940,6442,ok
E9A1,Brimstone,48.93,49.02,175835,12941820,1.359,0.957,49.02,49.02,48.41,48.15,109255,46377,7579,12624,ok
E9A2,Brimstone,51.42,0.0,496211,11665060,4.254,,51.41,51.7,51.15,50.79,285332,126887,59179,24813,ok
E9A3,Brimstone,48.74,48.47,253898,18446090,1.376,0.955,48.87,48.69,49.74,47.04,160379,66781,9921,16817,ok
V25A1,Brimstone,49.31,49.03,158796,8453790,1.878,0.969,49.2,49.47,50.56,48.73,90883,40728,10473,16712,ok
V25A2,Brimstone,50.07,50.1,213284,10558690,2.02,0.971,50.07,49.96,50.78,49.8,112394,57170,18276,25444,ok
V25A3,Brimstone,49.15,49.09,106985,14072740,0.76,0.94,49.06,49.29,49.83,49.68,75286,26775,3191,1733,ok
V25A4,Brimstone,49.45,49.32,100081,8396800,1.192,0.97,49.38,49.42,48.15,50.48,58214,24838,5603,11426,ok
V25A5,Brimstone,48.8,48.47,130277,10833910,1.202,0.962,49.06,48.73,48.69,47.36,76017,35286,7579,11395,ok
V25A6,Brimstone,48.67,48.38,182882,15819470,1.156,0.956,48.94,48.52,45.91,48.92,109204,47855,9563,16260,ok
V26A1,Brimstone,48.95,48.74,152550,13972480,1.092,0.963,49.11,48.8,48.18,48.48,96820,38148,6524,11058,ok
E6A3,Chamber,48.61,0.0,311708,8721312,3.574,,48.7,48.47,48.64,48.23,184047,90876,23337,13448,ok
E7A1,Chamber,48.42,0.0,558195,13239719,4.216,,49.04,48.8,47.58,47.23,250459,116361,82203,109172,ok
E7A2,Chamber,49.58,0.0,533115,11455020,4.654,,49.73,49.41,49.38,48.29,333600,162504,24906,12105,ok
E7A3,Chamber,49.13,0.0,721526,16793300,4.297,,49.27,49.02,48.91,48.49,417683,215250,57808,30785,ok
E8A1,Chamber,49.31,0.0,568216,11823770,4.806,,49.42,49.11,48.68,49.32,383186,147466,24552,13012,ok
E8A2,Chamber,49.41,0.0,615869,13784030,4.468,,49.54,49.22,49.48,48.11,388010,188282,28678,10899,ok
E8A3,Chamber,49.13,0.0,350130,9127120,3.836,1.079,49.2,49.1,48.18,48.69,242814,89164,10615,7537,ok
E9A1,Chamber,49.34,49.04,550027,12941820,4.25,1.085,49.51,49.22,49.36,47.94,335266,164473,22902,27386,ok
E9A2,Chamber,49.53,0.0,690211,11665060,5.917,,49.63,49.38,49.46,49.54,366168,186838,95989,41216,ok
E9A3,Chamber,49.16,48.86,696081,18446090,3.774,1.081,49.33,49.01,48.88,48.01,429391,204630,30103,31957,ok
V25A1,Chamber,49.24,48.94,380451,8453790,4.5,1.082,49.33,49.7,48.04,47.49,238563,97697,20407,23784,ok
V25A2,Chamber,49.36,49.07,477399,10558690,4.521,1.085,49.46,49.37,48.43,49.31,284441,143692,30112,19154,ok
V25A3,Chamber,49.17,48.84,557298,14072740,3.96,1.083,49.35,49.1,48.9,46.52,344838,166756,29032,16672,ok
V25A4,Chamber,49.59,49.41,409846,8396800,4.881,1.092,49.78,49.39,49.87,48.85,234656,114193,23653,37344,ok
V25A5,Chamber,49.82,49.74,534904,10833910,4.937,1.096,49.87,49.65,49.7,50.32,294577,161570,40029,38728,ok
V25A6,Chamber,50.15,50.24,1153441,15819470,7.291,1.102,50.36,50.07,50.16,49.58,561209,335618,100996,155618,ok
V26A1,Chamber,49.9,49.76,1462919,13972480,10.47,1.099,49.9,49.91,49.91,49.84,736164,433963,120642,172150,ok
E6A3,Clove,,,0,8721312,0.0,,,,,,0,0,0,0,no_picks
E7A1,Clove,,,0,13239719,0.0,,,,,,0,0,0,0,no_picks
E7A2,Clove,53.15,0.0,781041,11455020,6.818,,53.28,53.13,52.49,52.52,454379,237490,41312,47860,ok
E7A3,Clove,,,0,16793300,0.0,,,,,,0,0,0,0,no_picks
E8A1,Clove,,,0,11823770,0.0,,,,,,0,0,0,0,no_picks
E8A2,Clove,53.15,0.0,1417868,13784030,10.286,,53.25,53.05,52.78,52.98,823412,438566,91047,64843,ok
E8A3,Clove,52.76,0.0,927696,9127120,10.164,0.946,52.87,52.64,52.55,52.53,543035,260879,54505,69277,ok
E9A1,Clove,52.6,55.97,1381656,12941820,10.676,0.945,52.79,52.56,52.17,52.14,705504,412991,98851,164310,ok
E9A2,Clove,,,0,11665060,0.0,,,,,,0,0,0,0,no_picks
E9A3,Clove,52.32,56.22,2155154,18446090,11.684,0.944,52.59,52.3,51.99,51.61,1057019,623035,158350,316750,ok
V25A1,Clove,51.75,55.38,1093994,8453790,12.941,0.94,52.26,51.61,51.02,50.7,535966,305774,114396,137858,ok
V25A2,Clove,52.77,55.74,982275,10558690,9.303,0.942,52.84,52.72,52.77,52.6,502663,287654,97445,94513,ok
V25A3,Clove,52.43,55.93,1497869,14072740,10.644,0.947,52.64,52.49,52.02,51.67,742078,441326,142670,171795,ok
V25A4,Clove,52.04,55.72,979188,8396800,11.661,0.951,52.42,52.02,51.7,51.17,455177,280043,91552,152416,ok
V25A5,Clove,52.09,56.11,1360468,10833910,12.557,0.95,52.48,52.06,51.37,51.44,613882,406604,153068,186914,ok
V25A6,Clove,51.87,56.22,2136093,15819470,13.503,0.943,52.28,51.88,51.25,50.99,971784,628595,227884,307830,ok
V26A1,Clove,51.75,55.72,1771162,13972480,12.676,0.938,52.05,51.72,50.99,51.25,858078,528593,158877,225614,ok
E6A3,Cypher,49.67,0.0,421168,8721312,4.829,,49.68,49.66,49.73,49.5,230216,125243,41831,23878,ok
E7A1,Cypher,49.77,0.0,624698,13239719,4.718,,49.71,49.71,49.81,49.86,233402,117675,110797,162824,ok
E7A2,Cypher,50.32,0.0,1048730,11455020,9.155,,50.37,50.23,50.13,50.42,600809,322657,62520,62744,ok
E7A3,Cypher,50.52,0.0,1469465,16793300,8.75,,50.56,50.47,50.45,50.58,768715,439268,138608,122874,ok
E8A1,Cypher,50.36,0.0,1053416,11823770,8.909,,50.39,50.33,50.42,50.09,658337,288099,63021,43959,ok
E8A2,Cypher,50.19,0.0,1216451,13784030,8.825,,50.23,50.2,49.89,50.13,688036,382356,81221,64838,ok
E8A3,Cypher,50.29,0.0,777687,9127120,8.521,0.991,50.34,50.28,50.0,50.12,455285,219993,43880,58529,ok
E9A1,Cypher,50.29,50.58,1031644,12941820,7.971,0.987,50.38,50.24,50.23,50.1,525349,306888,69898,129509,ok
E9A2,Cypher,49.87,0.0,594106,11665060,5.093,,49.79,49.87,49.85,50.45,301784,157474,87057,47791,ok
E9A3,Cypher,50.04,50.07,1622628,18446090,8.797,0.988,50.05,50.08,49.84,50.0,777825,476472,122303,246028,ok
V25A1,Cypher,49.67,49.4,621333,8453790,7.35,0.985,49.76,49.48,49.81,49.61,321649,175211,57638,66835,ok
V25A2,Cypher,50.13,50.25,609487,10558690,5.772,0.998,50.06,50.07,50.19,50.5,297527,174056,59961,77943,ok
V25A3,Cypher,50.17,50.35,933649,14072740,6.634,0.995,50.13,50.21,50.35,50.14,449318,272828,85947,125556,ok
V25A4,Cypher,49.95,49.85,570762,8396800,6.797,0.992,50.07,50.34,49.82,49.0,265108,158464,53438,93752,ok
V25A5,Cypher,49.97,49.94,757455,10833910,6.992,0.988,50.06,49.96,49.96,49.72,347387,223126,79217,107725,ok
V25A6,Cypher,49.64,49.51,593880,15819470,3.754,0.981,49.45,49.72,49.45,50.34,287598,174598,55873,75811,ok
V26A1,Cypher,49.99,50.0,429248,13972480,3.072,0.987,50.04,49.74,50.02,50.45,235321,122011,29972,41944,ok
E6A3,Deadlock,,,0,8721312,0.0,,,,,,0,0,0,0,no_picks
E7A1,Deadlock,49.31,0.0,283700,13239719,2.143,,49.4,49.49,49.43,48.22,150692,62964,43323,26721,ok
E7A2,Deadlock,50.54,0.0,89393,11455020,0.78,,50.55,50.83,51.97,47.8,56330,23951,4214,4898,ok
E7A3,Deadlock,49.6,0.0,72712,16793300,0.433,,49.42,49.68,50.33,51.37,48991,17456,3372,2893,ok
E8A1,Deadlock,51.08,0.0,121955,11823770,1.031,,50.92,51.54,50.64,51.59,81880,29707,6092,4276,ok
E8A2,Deadlock,51.07,0.0,126386,13784030,0.917,,50.71,51.72,51.76,51.0,76718,34885,7050,7733,ok
E8A3,Deadlock,51.35,0.0,159002,9127120,1.742,1.003,51.62,51.4,50.89,50.12,88456,42189,10737,17620,ok
E9A1,Deadlock,50.93,51.18,159350,12941820,1.231,1.0,50.98,51.09,50.54,50.61,84472,42140,10916,21822,ok
E9A2,Deadlock,49.29,0.0,79945,11665060,0.685,,49.16,48.9,51.81,49.62,54509,18039,5410,1987,ok
E9A3,Deadlock,51.26,51.49,392049,18446090,2.125,1.0,51.22,51.46,51.13,51.06,203674,108268,25484,54623,ok
V25A1,Deadlock,51.69,52.04,192143,8453790,2.273,0.996,51.72,51.54,53.01,50.75,102048,52793,17984,19318,ok
V25A2,Deadlock,49.45,49.4,146105,10558690,1.384,0.975,49.46,49.9,49.02,48.08,84070,39992,11878,10165,ok
V25A3,Deadlock,49.85,49.84,194779,14072740,1.384,0.98,49.64,50.03,50.11,50.66,114002,54164,12234,14379,ok
V25A4,Deadlock,50.2,50.24,168819,8396800,2.011,0.984,50.41,49.86,49.87,50.26,88419,44973,12319,23108,ok
V25A5,Deadlock,50.2,50.24,227400,10833910,2.099,0.978,50.09,50.25,51.02,49.94,122009,67129,18707,19555,ok
V25A6,Deadlock,49.83,49.8,358052,15819470,2.263,0.975,49.74,50.0,50.51,49.05,200363,106902,26767,24020,ok
V26A1,Deadlock,50.08,50.09,210742,13972480,1.508,0.975,49.94,50.0,50.61,52.29,134310,58052,9634,8746,ok
E6A3,Fade,49.54,0.0,237378,8721312,2.722,,49.66,49.1,49.68,50.3,141712,65326,18702,11638,ok
E7A1,Fade,49.43,0.0,286739,13239719,2.166,,49.39,49.17,49.39,49.7,120533,51907,44893,69406,ok
E7A2,Fade,49.75,0.0,166655,11455020,1.455,,49.7,49.75,50.54,49.65,103084,44935,8074,10562,ok
E7A3,Fade,50.16,0.0,265504,16793300,1.581,,49.82,50.16,50.61,52.31,153843,71555,19910,20196,ok
E8A1,Fade,50.16,0.0,171936,11823770,1.454,,50.0,50.45,50.3,50.73,114237,41030,8612,8057,ok
E8A2,Fade,50.0,0.0,189866,13784030,1.377,,49.98,49.8,50.07,51.31,117465,52833,9712,9856,ok
E8A3,Fade,50.07,0.0,142769,9127120,1.564,0.947,49.87,50.02,50.36,51.45,86346,36289,7408,12726,ok
E9A1,Fade,50.2,50.17,209069,12941820,1.615,0.946,49.87,50.02,50.72,51.38,109170,53790,12608,33501,ok
E9A2,Fade,49.89,0.0,192062,11665060,1.646,,49.74,49.44,50.69,51.28,110162,46588,20730,14582,ok
E9A3,Fade,50.06,50.15,382174,18446090,2.072,0.934,49.92,49.82,49.92,50.91,186917,104873,25729,64655,ok
V25A1,Fade,50.53,50.74,195596,8453790,2.314,0.944,50.66,50.01,50.15,51.33,91308,52939,21372,29977,ok
V25A2,Fade,50.76,51.07,204864,10558690,1.94,0.939,50.48,50.8,51.33,51.22,98817,56937,21151,27959,ok
V25A3,Fade,50.59,50.97,404310,14072740,2.873,0.944,50.65,50.62,50.4,50.46,184608,111022,35521,73159,ok
V25A4,Fade,50.6,51.2,350532,8396800,4.175,0.951,50.73,50.49,50.32,50.6,150279,92498,33044,74711,ok
V25A5,Fade,50.66,51.4,515893,10833910,4.762,0.948,50.72,50.8,50.44,50.41,220941,148116,58586,88250,ok
V25A6,Fade,50.32,50.63,808606,15819470,5.111,0.945,50.33,50.39,50.41,50.11,349096,233568,87503,138439,ok
V26A1,Fade,50.23,50.44,724262,13972480,5.183,0.948,50.33,50.26,50.15,49.9,334498,212452,67094,110218,ok
E6A3,Gekko,50.25,0.0,253908,8721312,2.911,,50.35,50.17,50.07,49.4,160792,68882,16772,7462,ok
E7A1,Gekko,50.24,0.0,207075,13239719,1.564,,49.82,50.0,51.04,51.58,113246,41236,23358,29235,ok
E7A2,Gekko,50.33,0.0,600551,11455020,5.243,,50.46,50.19,49.61,50.19,366979,175274,30115,28183,ok
E7A3,Gekko,50.24,0.0,299749,16793300,1.785,,50.22,50.27,50.68,49.83,192188,77913,15263,14385,ok
E8A1,Gekko,50.26,0.0,320856,11823770,2.714,,50.36,50.02,50.66,49.56,213505,77767,15175,14409,ok
E8A2,Gekko,50.4,0.0,784778,13784030,5.693,,50.39,50.46,50.24,50.36,479256,234046,41917,29559,ok
E8A3,Gekko,50.41,0.0,522303,9127120,5.723,0.911,50.51,50.39,50.31,49.46,332111,138451,24418,27323,ok
E9A1,Gekko,50.13,50.13,621439,12941820,4.802,0.905,50.26,50.18,49.58,49.11,369971,180035,31867,39566,ok
E9A2,Gekko,50.27,0.0,191839,11665060,1.645,,50.27,50.31,50.63,49.08,123744,45870,15628,6597,ok
E9A3,Gekko,50.02,50.04,649850,18446090,3.523,0.9,50.11,49.94,49.55,49.74,411044,185117,27127,26562,ok
V25A1,Gekko,49.82,49.77,166578,8453790,1.97,0.895,49.79,49.74,48.77,52.58,116120,39739,6012,4707,ok
V25A2,Gekko,49.55,49.46,172248,10558690,1.631,0.893,49.6,49.12,49.29,53.82,117160,45535,6060,3493,ok
V25A3,Gekko,49.45,49.33,321151,14072740,2.282,0.895,49.68,49.41,48.88,45.08,207745,90769,14163,8474,ok
V25A4,Gekko,49.15,48.97,160971,8396800,1.917,0.902,49.19,49.14,49.71,48.09,105788,40946,6759,7478,ok
V25A5,Gekko,49.02,48.84,194858,10833910,1.799,0.891,49.19,48.86,48.98,46.23,128043,54801,7770,4244,ok
V25A6,Gekko,49.24,49.13,225844,15819470,1.428,0.892,49.46,48.77,48.02,49.66,157518,59093,6857,2376,ok
V26A1,Gekko,49.13,49.06,131496,13972480,0.941,0.889,49.38,48.32,48.62,48.28,99804,27584,2250,1858,ok
E6A3,Harbor,46.63,0.0,91872,8721312,1.053,,46.59,46.73,46.58,46.72,55886,26267,6513,3206,ok
E7A1,Harbor,46.32,0.0,72350,13239719,0.546,,46.34,45.28,47.49,47.16,40908,15902,7155,8385,ok
E7A2,Harbor,45.8,0.0,39841,11455020,0.348,,45.98,45.08,46.47,47.02,27434,10023,1259,1125,ok
E7A3,Harbor,46.36,0.0,85424,16793300,0.509,,46.27,46.24,46.24,49.89,55799,22664,4682,2279,ok
E8A1,Harbor,46.54,0.0,48920,11823770,0.414,,46.75,46.2,43.05,47.96,35973,10411,1554,982,ok
E8A2,Harbor,45.96,0.0,105150,13784030,0.763,,45.82,45.58,47.96,49.38,62759,33656,6005,2730,ok
E8A3,Harbor,45.59,0.0,38922,9127120,0.426,0.902,45.77,45.25,45.09,45.14,26361,9839,1579,1143,ok
E9A1,Harbor,44.9,44.08,33070,12941820,0.256,0.893,44.29,45.21,46.71,51.7,21593,9070,1171,1236,ok
E9A2,Harbor,46.85,0.0,107558,11665060,0.922,,46.95,46.58,46.46,47.71,61598,27517,11616,6827,ok
E9A3,Harbor,44.62,44.0,57055,18446090,0.309,0.888,44.73,44.49,45.92,42.22,35949,16583,2448,2075,ok
V25A1,Harbor,43.46,43.19,12463,8453790,0.147,0.888,43.67,43.02,44.61,41.03,8816,2659,464,524,ok
V25A2,Harbor,45.64,45.47,20451,10558690,0.194,0.904,45.12,44.22,50.35,56.28,12634,5853,1001,963,ok
V25A3,Harbor,44.54,44.35,27365,14072740,0.194,0.896,44.69,45.03,47.1,38.31,16843,7657,1312,1553,ok
V25A4,Harbor,44.45,44.35,9199,8396800,0.11,0.907,43.91,44.27,43.84,49.47,5587,2268,584,760,ok
V25A5,Harbor,42.1,42.04,9143,10833910,0.084,0.9,41.93,42.31,50.85,36.46,5610,2411,472,650,ok
V25A6,Harbor,43.45,42.9,59220,15819470,0.374,0.911,43.7,42.71,41.97,45.1,35943,15941,2959,4377,ok
V26A1,Harbor,46.32,46.02,59853,13972480,0.428,0.927,46.25,46.19,46.45,47.25,37008,15880,2603,4362,ok
E6A3,Iso,,,0,8721312,0.0,,,,,,0,0,0,0,no_picks
E7A1,Iso,,,0,13239719,0.0,,,,,,0,0,0,0,no_picks
E7A2,Iso,,,0,11455020,0.0,,,,,,0,0,0,0,no_picks
E7A3,Iso,,,0,16793300,0.0,,,,,,0,0,0,0,no_picks
E8A1,Iso,,,0,11823770,0.0,,,,,,0,0,0,0,no_picks
E8A2,Iso,,,0,13784030,0.0,,,,,,0,0,0,0,no_picks
E8A3,Iso,,,0,9127120,0.0,,,,,,0,0,0,0,no_picks
E9A1,Iso,49.01,48.87,269003,12941820,2.079,0.986,49.21,48.85,48.55,48.56,152568,75442,21216,19777,ok
E9A2,Iso,,,0,11665060,0.0,,,,,,0,0,0,0,no_picks
E9A3,Iso,50.02,50.03,189782,18446090,1.029,1.009,49.91,49.72,51.76,50.19,94734,46815,9899,38334,ok
V25A1,Iso,50.78,51.04,208316,8453790,2.464,1.027,51.02,50.5,50.56,50.8,76096,50089,28352,53779,ok
V25A2,Iso,50.59,50.78,308406,10558690,2.921,1.029,50.85,50.69,50.43,50.12,119123,79606,42715,66962,ok
V25A3,Iso,50.18,50.14,415782,14072740,2.955,1.024,50.49,50.26,50.06,49.4,173830,118873,49258,73821,ok
V25A4,Iso,50.73,51.03,184525,8396800,2.198,1.025,50.54,50.34,50.68,51.59,75686,50574,18124,40141,ok
V25A5,Iso,50.47,50.65,343482,10833910,3.17,1.019,50.5,50.67,49.93,50.46,136468,98888,41710,66416,ok
V25A6,Iso,49.82,49.78,309587,15819470,1.957,1.009,49.98,50.0,49.34,49.2,139096,99350,34911,36230,ok
V26A1,Iso,49.92,49.9,166731,13972480,1.193,1.011,50.15,49.87,49.31,49.22,87156,52533,12711,14331,ok
E6A3,Jett,49.93,0.0,1205313,8721312,13.82,,49.93,49.92,49.96,50.01,659647,356602,117300,71764,ok
E7A1,Jett,49.98,0.0,1960411,13239719,14.807,,49.9,49.97,50.0,50.08,725278,371242,350663,513228,ok
E7A2,Jett,50.09,0.0,1437013,11455020,12.545,,50.1,50.11,49.96,50.01,810900,450993,90514,84606,ok
E7A3,Jett,50.2,0.0,2066274,16793300,12.304,,50.27,50.2,50.14,49.87,1065184,622030,201718,177342,ok
E8A1,Jett,50.16,0.0,1612871,11823770,13.641,,50.17,50.08,50.18,50.45,1003460,448238,96843,64330,ok
E8A2,Jett,50.02,0.0,1694859,13784030,12.296,,50.05,49.98,50.06,49.96,953225,538643,116770,86221,ok
E8A3,Jett,50.02,0.0,1211923,9127120,13.278,1.058,50.06,49.99,49.94,49.84,707279,345521,70257,88866,ok
E9A1,Jett,49.92,49.61,1642570,12941820,12.692,1.056,49.96,49.96,49.81,49.68,843112,499996,116672,182790,ok
E9A2,Jett,49.79,0.0,1287742,11665060,11.039,,49.86,49.76,49.7,49.68,638580,346996,196477,105689,ok
E9A3,Jett,49.73,49.16,2297830,18446090,12.457,1.057,49.89,49.73,49.65,49.15,1164384,691465,159114,282867,ok
V25A1,Jett,49.93,49.78,1098257,8453790,12.991,1.051,49.96,49.86,49.76,50.17,583565,311341,95777,107574,ok
V25A2,Jett,50.24,50.72,1348156,10558690,12.768,1.058,50.33,50.2,50.36,49.83,665459,402650,135198,144849,ok
V25A3,Jett,50.01,50.02,1822150,14072740,12.948,1.055,50.12,50.01,49.95,49.58,911570,555120,164614,190846,ok
V25A4,Jett,50.07,50.2,1036266,8396800,12.341,1.045,50.14,50.02,50.11,49.87,515703,301357,86637,132569,ok
V25A5,Jett,50.05,50.12,1240557,10833910,11.451,1.048,50.02,50.03,50.05,50.2,602731,385344,121838,130644,ok
V25A6,Jett,50.07,50.17,1820430,15819470,11.508,1.048,50.12,49.99,49.94,50.21,901930,559925,168209,190366,ok
V26A1,Jett,49.97,49.9,1673542,13972480,11.977,1.039,49.96,49.89,50.09,50.16,883545,503925,127430,158642,ok
E6A3,KAYO,45.57,0.0,208868,8721312,2.395,,45.7,45.45,44.59,46.1,129112,56113,14474,9169,ok
E7A1,KAYO,45.26,0.0,220440,13239719,1.665,,45.25,45.07,45.08,45.56,100459,39781,31533,48667,ok
E7A2,KAYO,45.32,0.0,249948,11455020,2.182,,45.39,45.22,45.04,45.07,162298,68217,9402,10031,ok
E7A3,KAYO,45.84,0.0,318175,16793300,1.895,,46.03,45.74,45.67,44.65,190680,86960,21650,18885,ok
E8A1,KAYO,45.46,0.0,230863,11823770,1.953,,45.7,45.0,43.89,45.34,161711,53148,9123,6881,ok
E8A2,KAYO,45.24,0.0,294921,13784030,2.14,,45.33,44.94,45.46,45.74,192664,81225,12102,8930,ok
E8A3,KAYO,45.11,0.0,136776,9127120,1.499,0.891,45.26,44.51,44.77,46.0,94307,31527,4592,6350,ok
E9A1,KAYO,45.2,44.45,172939,12941820,1.336,0.89,45.39,45.11,45.29,43.83,109672,44486,6406,12375,ok
E9A2,KAYO,45.24,0.0,224430,11665060,1.924,,45.13,45.29,45.43,45.66,129238,55092,26746,13354,ok
E9A3,KAYO,45.18,44.62,250737,18446090,1.359,0.892,45.3,44.86,45.56,45.13,157088,65179,9656,18814,ok
V25A1,KAYO,45.3,45.03,62242,8453790,0.736,0.892,45.3,45.0,44.64,47.19,42625,13689,2836,3092,ok
V25A2,KAYO,45.71,45.18,131110,10558690,1.242,0.897,45.87,45.68,44.6,45.03,82508,35031,6301,7270,ok
V25A3,KAYO,45.9,45.4,191706,14072740,1.362,0.898,45.95,45.85,44.96,46.34,121913,51308,8331,10154,ok
V25A4,KAYO,45.92,45.52,82967,8396800,0.988,0.898,46.09,46.15,44.75,44.18,53749,20039,3316,5863,ok
V25A5,KAYO,45.58,45.13,115123,10833910,1.063,0.897,45.61,45.54,45.73,45.26,72749,31001,5207,6166,ok
V25A6,KAYO,45.91,45.56,172995,15819470,1.094,0.91,46.23,45.61,44.6,44.46,110789,45926,7899,8381,ok
V26A1,KAYO,46.03,45.76,126633,13972480,0.906,0.906,46.16,45.72,45.85,45.86,87644,30325,3832,4832,ok
E6A3,Killjoy,50.45,0.0,687776,8721312,7.886,,50.42,50.49,50.32,50.72,377188,196246,68426,45916,ok
E7A1,Killjoy,50.65,0.0,1054861,13239719,7.967,,50.6,50.69,50.87,50.53,350216,181148,199801,323696,ok
E7A2,Killjoy,49.83,0.0,477394,11455020,4.168,,49.6,50.08,50.06,50.29,267185,139330,30850,40029,ok
E7A3,Killjoy,50.03,0.0,838818,16793300,4.995,,50.02,50.04,50.2,49.87,445050,234403,75662,83703,ok
E8A1,Killjoy,49.74,0.0,473872,11823770,4.008,,49.7,49.74,49.85,49.97,291224,124800,31941,25907,ok
E8A2,Killjoy,50.05,0.0,613300,13784030,4.449,,50.03,50.1,50.19,49.88,339474,186451,44632,42743,ok
E8A3,Killjoy,50.06,0.0,465032,9127120,5.095,1.0,50.04,50.04,50.16,50.11,257286,130297,31410,46039,ok
E9A1,Killjoy,50.22,50.21,614270,12941820,4.746,0.998,50.11,50.28,50.11,50.49,295033,175019,47940,96278,ok
E9A2,Killjoy,50.24,0.0,735848,11665060,6.308,,50.23,50.38,50.34,49.7,369693,185610,119001,61544,ok
E9A3,Killjoy,49.81,49.75,663030,18446090,3.594,0.99,49.67,49.67,49.83,50.52,334438,182958,45245,100389,ok
V25A1,Killjoy,49.65,49.5,256928,8453790,3.039,0.994,49.74,49.34,48.91,50.84,140416,72310,22547,21655,ok
V25A2,Killjoy,50.21,50.35,503648,10558690,4.77,0.996,50.26,50.1,50.01,50.47,248437,145993,51074,58144,ok
V25A3,Killjoy,50.25,50.51,638281,14072740,4.536,0.994,50.13,50.2,50.09,51.06,320048,187603,57205,73425,ok
V25A4,Killjoy,50.14,50.28,344259,8396800,4.1,0.999,50.07,50.16,50.24,50.25,162830,94724,30281,56424,ok
V25A5,Killjoy,50.09,50.13,250270,10833910,2.31,0.993,49.92,50.11,50.25,50.74,128979,73248,21491,26552,ok
V25A6,Killjoy,50.37,50.57,318255,15819470,2.012,1.001,49.94,50.18,50.95,51.76,156961,86171,26630,48493,ok
V26A1,Killjoy,50.53,50.74,238194,13972480,1.705,1.007,50.35,50.38,51.2,51.24,126427,63780,17589,30398,ok
E6A3,Miks,,,0,8721312,0.0,,,,,,0,0,0,0,no_picks
E7A1,Miks,,,0,13239719,0.0,,,,,,0,0,0,0,no_picks
E7A2,Miks,,,0,11455020,0.0,,,,,,0,0,0,0,no_picks
E7A3,Miks,,,0,16793300,0.0,,,,,,0,0,0,0,no_picks
E8A1,Miks,,,0,11823770,0.0,,,,,,0,0,0,0,no_picks
E8A2,Miks,,,0,13784030,0.0,,,,,,0,0,0,0,no_picks
E8A3,Miks,,,0,9127120,0.0,,,,,,0,0,0,0,no_picks
E9A1,Miks,,,0,12941820,0.0,,,,,,0,0,0,0,no_picks
E9A2,Miks,,,0,11665060,0.0,,,,,,0,0,0,0,no_picks
E9A3,Miks,,,0,18446090,0.0,,,,,,0,0,0,0,no_picks
V25A1,Miks,,,0,8453790,0.0,,,,,,0,0,0,0,no_picks
V25A2,Miks,,,0,10558690,0.0,,,,,,0,0,0,0,no_picks
V25A3,Miks,,,0,14072740,0.0,,,,,,0,0,0,0,no_picks
V25A4,Miks,,,0,8396800,0.0,,,,,,0,0,0,0,no_picks
V25A5,Miks,48.83,48.37,81125,10833910,0.749,1.028,49.03,48.78,49.04,48.0,40634,24672,5928,9891,ok
V25A6,Miks,48.99,48.84,289412,15819470,1.829,1.02,49.01,48.95,49.44,48.61,140022,81016,33538,34836,ok
V26A1,Miks,48.7,48.6,112444,13972480,0.805,1.027,49.34,48.78,48.7,46.5,56195,30543,8179,17527,ok
E6A3,Neon,47.82,0.0,84089,8721312,0.964,,47.6,48.09,49.21,47.65,55032,21205,5021,2831,ok
E7A1,Neon,47.94,0.0,91365,13239719,0.69,,48.08,48.12,49.01,46.47,46959,17356,11692,15358,ok
E7A2,Neon,47.56,0.0,74885,11455020,0.654,,47.75,47.17,48.27,45.59,51464,18542,2600,2279,ok
E7A3,Neon,48.31,0.0,126958,16793300,0.756,,48.32,48.47,48.67,46.53,82961,32247,6970,4780,ok
E8A1,Neon,48.05,0.0,82893,11823770,0.701,,47.8,48.6,48.25,50.55,60586,17697,2802,1808,ok
E8A2,Neon,48.82,0.0,147104,13784030,1.067,,48.45,49.12,49.55,51.32,94183,39090,6438,7393,ok
E8A3,Neon,50.43,0.0,206021,9127120,2.257,0.975,50.01,50.68,51.21,52.13,122600,54760,11815,16846,ok
E9A1,Neon,51.54,52.31,423196,12941820,3.27,0.978,50.9,51.78,51.94,52.8,206715,113748,29908,72825,ok
E9A2,Neon,48.48,0.0,111004,11665060,0.952,,48.53,48.45,48.12,48.82,68810,25941,11759,4494,ok
E9A3,Neon,51.69,52.33,648479,18446090,3.516,0.979,51.2,51.88,52.33,52.38,302804,175934,51535,118206,ok
V25A1,Neon,51.5,51.73,165561,8453790,1.958,0.97,51.16,52.48,51.82,50.42,85066,45322,15573,19600,ok
V25A2,Neon,52.22,52.72,237860,10558690,2.253,0.986,51.34,52.3,53.59,53.66,110346,61931,24652,40931,ok
V25A3,Neon,51.55,52.04,402571,14072740,2.861,0.979,51.0,51.77,51.99,52.33,181161,107284,40981,73145,ok
V25A4,Neon,50.98,51.33,268163,8396800,3.194,0.961,50.74,51.06,51.65,51.02,109872,69676,27346,61269,ok
V25A5,Neon,51.35,51.79,329059,10833910,3.037,0.975,51.1,51.37,51.52,51.75,137118,88304,38384,65253,ok
V25A6,Neon,51.56,52.04,468769,15819470,2.963,0.973,51.12,51.67,51.31,52.46,199523,122668,49962,96616,ok
V26A1,Neon,51.61,52.11,481438,13972480,3.446,0.97,51.19,51.41,52.09,52.84,223861,134813,41667,81097,ok
E6A3,Omen,49.17,0.0,723045,8721312,8.291,,49.17,48.98,49.56,49.52,411181,203623,66151,42090,ok
E7A1,Omen,49.31,0.0,1187842,13239719,8.972,,49.02,49.22,49.5,49.67,455174,218468,208702,305498,ok
E7A2,Omen,47.6,0.0,742766,11455020,6.484,,47.62,47.46,48.05,47.68,450429,213260,41485,37592,ok
E7A3,Omen,49.53,0.0,1745978,16793300,10.397,,49.47,49.45,49.83,49.88,937222,504210,157666,146880,ok
E8A1,Omen,49.41,0.0,1115721,11823770,9.436,,49.33,49.47,49.63,49.86,711985,294553,64147,45036,ok
E8A2,Omen,45.47,0.0,656132,13784030,4.76,,45.7,45.13,44.66,45.16,412782,184059,31479,27812,ok
E8A3,Omen,46.46,0.0,549881,9127120,6.025,0.959,46.61,46.27,45.8,46.23,348288,141712,25397,34484,ok
E9A1,Omen,46.36,44.47,702679,12941820,5.43,0.959,46.52,46.01,46.15,46.57,407400,193584,37645,64050,ok
E9A2,Omen,49.33,0.0,1120822,11665060,9.608,,49.32,49.28,49.36,49.53,582023,289643,166392,82764,ok
E9A3,Omen,46.1,44.32,869289,18446090,4.713,0.96,46.32,45.86,45.1,45.94,509652,238791,42388,78458,ok
V25A1,Omen,45.65,44.14,273717,8453790,3.238,0.959,45.67,45.28,45.48,47.05,179141,64957,12632,16987,ok
V25A2,Omen,46.5,44.33,561978,10558690,5.322,0.965,46.57,46.31,45.64,47.24,300497,151019,46927,63535,ok
V25A3,Omen,46.55,44.47,785439,14072740,5.581,0.968,46.67,46.36,45.98,46.82,437852,219425,52636,75526,ok
V25A4,Omen,46.21,44.24,428187,8396800,5.099,0.965,46.32,45.81,45.25,46.95,238010,108180,25138,56859,ok
V25A5,Omen,46.15,44.17,593806,10833910,5.481,0.965,46.22,45.96,45.56,46.69,324265,167914,38901,62726,ok
V25A6,Omen,45.58,44.1,608573,15819470,3.847,0.961,45.64,45.19,45.14,46.62,353661,166361,34330,54221,ok
V26A1,Omen,45.81,44.61,447021,13972480,3.199,0.963,46.04,45.46,44.86,45.59,284287,113512,18480,30742,ok
E6A3,Phoenix,51.49,0.0,226646,8721312,2.599,,51.45,51.52,51.72,51.5,141268,61848,15939,7591,ok
E7A1,Phoenix,51.86,0.0,303679,13239719,2.294,,51.43,51.23,52.02,53.33,140743,57817,43766,61353,ok
E7A2,Phoenix,51.34,0.0,257693,11455020,2.25,,51.25,51.39,52.31,51.41,168936,70294,10225,8238,ok
E7A3,Phoenix,51.7,0.0,397278,16793300,2.366,,51.66,51.58,51.88,52.74,241254,110554,27074,18396,ok
E8A1,Phoenix,51.57,0.0,239779,11823770,2.028,,51.5,51.83,50.99,52.31,169810,55298,9301,5370,ok
E8A2,Phoenix,51.21,0.0,278961,13784030,2.024,,51.15,51.21,51.18,53.2,184438,76342,11768,6413,ok
E8A3,Phoenix,51.51,0.0,162219,9127120,1.777,1.068,51.54,51.72,51.25,49.9,110511,39708,6006,5994,ok
E9A1,Phoenix,51.39,51.4,221755,12941820,1.713,1.068,51.12,51.45,52.32,53.57,139609,61557,9543,11046,ok
E9A2,Phoenix,51.57,0.0,313140,11665060,2.684,,51.37,51.79,51.75,52.62,186335,79511,33663,13631,ok
E9A3,Phoenix,50.86,51.06,531538,18446090,2.882,1.06,50.83,50.9,50.73,51.02,306197,147040,27204,51097,ok
V25A1,Phoenix,51.09,51.26,156419,8453790,1.85,1.059,51.05,51.5,52.32,48.72,94800,39794,11058,10767,ok
V25A2,Phoenix,51.98,52.31,212120,10558690,2.009,1.063,51.79,52.13,52.17,52.89,125156,59766,14373,12825,ok
V25A3,Phoenix,51.64,51.95,337198,14072740,2.396,1.064,51.52,51.8,52.27,51.33,197987,96148,21609,21454,ok
V25A4,Phoenix,51.04,51.22,154906,8396800,1.845,1.042,51.19,51.67,50.89,47.48,94011,41715,8286,10894,ok
V25A5,Phoenix,51.42,51.63,192034,10833910,1.773,1.045,51.42,51.26,51.43,52.29,114013,55579,11746,10696,ok
V25A6,Phoenix,51.32,51.51,321005,15819470,2.029,1.05,51.25,51.54,51.68,50.57,190994,90752,20685,18574,ok
V26A1,Phoenix,51.64,51.88,286679,13972480,2.052,1.046,51.34,51.96,51.96,53.21,180092,77685,13881,15021,ok
E6A3,Raze,50.48,0.0,630841,8721312,7.233,,50.5,50.55,50.4,50.11,361008,178084,56481,35268,ok
E7A1,Raze,50.7,0.0,1048231,13239719,7.917,,50.64,50.57,50.92,50.72,401716,191987,178257,276271,ok
E7A2,Raze,49.9,0.0,846838,11455020,7.393,,49.9,49.83,49.86,50.26,488438,252286,49965,56149,ok
E7A3,Raze,49.96,0.0,1124773,16793300,6.698,,49.91,49.94,49.93,50.37,611963,318576,96409,97825,ok
E8A1,Raze,49.77,0.0,808439,11823770,6.837,,49.77,49.75,49.9,49.7,508899,213706,49088,36746,ok
E8A2,Raze,49.84,0.0,965349,13784030,7.003,,49.83,49.81,50.18,49.7,554274,294538,63333,53204,ok
E8A3,Raze,49.54,0.0,436725,9127120,4.785,1.011,49.51,49.58,49.76,49.45,260413,116909,23570,35833,ok
E9A1,Raze,49.43,48.99,608421,12941820,4.701,1.008,49.55,49.12,49.46,49.62,325490,171479,38316,73136,ok
E9A2,Raze,50.45,0.0,989039,11665060,8.479,,50.44,50.49,50.44,50.33,519866,251438,149091,68644,ok
E9A3,Raze,49.59,49.33,805659,18446090,4.368,1.012,49.62,49.46,49.33,49.84,415769,218259,50288,121343,ok
V25A1,Raze,49.62,49.32,451084,8453790,5.336,1.011,49.68,49.31,50.03,49.7,224293,118737,44919,63135,ok
V25A2,Raze,49.78,49.68,373960,10558690,3.542,1.011,49.9,49.7,49.26,49.79,196961,101203,32456,43340,ok
V25A3,Raze,49.83,49.72,546624,14072740,3.884,1.009,50.02,49.73,49.52,49.38,292720,153894,41593,58417,ok
V25A4,Raze,49.86,49.77,356125,8396800,4.241,1.009,49.8,49.99,49.49,49.99,182646,95163,26646,51670,ok
V25A5,Raze,49.96,49.9,440364,10833910,4.065,1.011,50.05,50.04,50.11,49.21,224172,127032,38699,50461,ok
V25A6,Raze,50.31,50.5,605553,15819470,3.828,1.012,50.23,50.22,50.58,50.63,308927,170440,51106,75080,ok
V26A1,Raze,50.46,50.68,425860,13972480,3.048,1.007,50.59,50.45,49.75,50.22,238681,119039,28163,39977,ok
E6A3,Reyna,50.71,0.0,762920,8721312,8.748,,50.76,50.57,50.72,50.93,473046,208827,54417,26630,ok
E7A1,Reyna,50.17,0.0,1038825,13239719,7.846,,50.55,50.2,49.73,49.54,481897,204600,156578,195750,ok
E7A2,Reyna,50.76,0.0,1112959,11455020,9.716,,50.85,50.73,50.3,50.34,669579,328089,62865,52426,ok
E7A3,Reyna,50.99,0.0,1608825,16793300,9.58,,51.05,50.94,51.05,50.58,921412,457129,129971,100313,ok
E8A1,Reyna,50.76,0.0,1270541,11823770,10.746,,50.76,50.76,50.91,50.37,824943,333913,69025,42660,ok
E8A2,Reyna,50.58,0.0,1342517,13784030,9.74,,50.61,50.57,50.25,50.6,806775,399432,81571,54739,ok
E8A3,Reyna,50.14,0.0,886282,9127120,9.71,1.076,50.22,50.15,49.5,49.89,547239,241478,45882,51683,ok
E9A1,Reyna,50.04,50.14,1210302,12941820,9.352,1.077,50.3,50.05,49.43,48.9,667082,354548,78181,110491,ok
E9A2,Reyna,50.58,0.0,1202588,11665060,10.309,,50.64,50.61,50.26,50.62,666467,310073,155726,70322,ok
E9A3,Reyna,50.0,50.05,1632084,18446090,8.848,1.079,50.2,50.06,49.76,48.82,901568,471404,102456,156656,ok
V25A1,Reyna,50.06,50.14,711391,8453790,8.415,1.075,50.24,49.92,50.04,49.19,406151,193205,56405,55630,ok
V25A2,Reyna,50.57,51.07,852978,10558690,8.078,1.08,50.72,50.58,50.48,49.75,451449,244783,78170,78576,ok
V25A3,Reyna,50.34,50.67,1305005,14072740,9.273,1.078,50.49,50.28,49.87,50.1,685247,379181,114554,126023,ok
V25A4,Reyna,50.22,50.47,821657,8396800,9.785,1.071,50.39,50.19,49.91,49.86,411218,234276,70122,106041,ok
V25A5,Reyna,50.25,50.51,961039,10833910,8.871,1.074,50.48,50.32,49.74,49.38,484969,288422,96044,91604,ok
V25A6,Reyna,50.14,50.32,1476299,15819470,9.332,1.07,50.31,50.16,50.03,49.34,753615,439694,139595,143395,ok
V26A1,Reyna,49.82,49.72,1088893,13972480,7.793,1.054,49.93,49.88,49.73,48.87,606040,321019,83783,78051,ok
E6A3,Sage,51.29,0.0,594052,8721312,6.811,,51.13,51.5,51.76,52.32,389362,157632,33324,13734,ok
E7A1,Sage,51.65,0.0,536247,13239719,4.05,,51.42,51.8,52.01,52.11,303220,108586,58514,65927,ok
E7A2,Sage,51.07,0.0,426972,11455020,3.727,,50.89,51.45,52.7,50.89,305343,104123,10963,6543,ok
E7A3,Sage,51.23,0.0,798667,16793300,4.756,,51.06,51.44,51.7,53.25,535947,207762,38566,16392,ok
E8A1,Sage,51.4,0.0,507282,11823770,4.29,,51.25,51.75,53.15,51.29,381616,106089,13041,6536,ok
E8A2,Sage,51.14,0.0,504496,13784030,3.66,,50.92,51.62,52.56,51.68,362870,122854,12878,5894,ok
E8A3,Sage,50.81,0.0,223951,9127120,2.454,0.904,50.71,50.88,53.03,53.08,175041,42481,3379,3050,ok
E9A1,Sage,50.76,50.86,280176,12941820,2.165,0.897,50.55,51.28,52.04,51.53,206370,63861,5010,4935,ok
E9A2,Sage,51.52,0.0,580606,11665060,4.977,,51.33,51.65,52.29,52.67,376257,142220,45615,16514,ok
E9A3,Sage,51.24,51.83,595484,18446090,3.228,0.916,51.16,51.44,51.88,50.84,411974,146113,15141,22256,ok
V25A1,Sage,52.03,52.76,177058,8453790,2.094,0.921,51.57,53.1,54.11,52.98,126924,37409,6071,6654,ok
V25A2,Sage,51.68,52.4,266987,10558690,2.529,0.916,51.47,52.06,52.84,52.34,186418,64824,8879,6866,ok
V25A3,Sage,51.52,52.09,356659,14072740,2.534,0.914,51.36,51.61,51.79,54.57,251116,85125,10658,9760,ok
V25A4,Sage,51.46,51.73,140762,8396800,1.676,0.919,51.33,51.67,53.46,51.18,98275,30015,4188,8284,ok
V25A5,Sage,51.18,51.41,212366,10833910,1.96,0.914,51.05,51.58,52.43,49.89,144569,50587,7782,9428,ok
V25A6,Sage,51.69,52.35,493848,15819470,3.122,0.934,51.49,51.85,52.43,52.34,309396,124324,24935,35193,ok
V26A1,Sage,52.06,52.88,365439,13972480,2.615,0.935,51.79,52.54,51.08,54.82,248847,87741,14223,14628,ok
E6A3,Skye,49.85,0.0,535658,8721312,6.142,,49.82,49.87,49.88,50.07,301403,154953,47231,32071,ok
E7A1,Skye,50.13,0.0,986230,13239719,7.449,,50.11,50.13,50.1,50.18,376908,180939,167470,260913,ok
E7A2,Skye,49.56,0.0,428227,11455020,3.738,,49.52,49.6,49.4,49.86,249185,128402,24984,25656,ok
E7A3,Skye,49.83,0.0,1188352,16793300,7.076,,49.81,49.91,49.83,49.68,633084,349116,109122,97030,ok
E8A1,Skye,49.6,0.0,621728,11823770,5.258,,49.59,49.65,49.53,49.41,401017,164899,36326,19486,ok
E8A2,Skye,49.2,0.0,458938,13784030,3.329,,49.28,49.12,49.18,48.85,262330,140451,31035,25122,ok
E8A3,Skye,48.59,0.0,199745,9127120,2.188,0.911,48.55,48.85,48.99,47.49,126694,52802,9329,10920,ok
E9A1,Skye,48.71,48.14,245738,12941820,1.899,0.914,48.7,48.59,49.48,48.64,137846,72083,14442,21367,ok
E9A2,Skye,49.81,0.0,895017,11665060,7.673,,49.83,49.77,49.86,49.77,461424,235796,132002,65795,ok
E9A3,Skye,49.19,48.7,557100,18446090,3.02,0.92,49.04,49.33,49.44,49.3,275239,160597,39591,81673,ok
V25A1,Skye,49.78,49.64,233501,8453790,2.762,0.926,50.08,49.61,50.18,48.41,121448,66187,21790,24076,ok
V25A2,Skye,49.65,49.57,163339,10558690,1.547,0.929,49.65,49.74,48.92,50.28,95370,47101,12211,8657,ok
V25A3,Skye,49.83,49.81,235715,14072740,1.675,0.929,49.63,50.03,49.76,50.56,134555,67743,14884,18533,ok
V25A4,Skye,49.65,49.5,155938,8396800,1.857,0.924,49.75,50.14,49.39,47.91,86297,43513,10754,15374,ok
V25A5,Skye,49.68,49.55,193798,10833910,1.789,0.927,50.01,49.55,48.72,48.66,107040,58817,14921,13020,ok
V25A6,Skye,50.15,50.21,493237,15819470,3.118,0.932,50.23,50.15,49.88,49.99,247902,148071,43448,53816,ok
V26A1,Skye,50.09,50.15,446862,13972480,3.198,0.931,50.07,50.14,50.19,50.0,246203,132353,31249,37057,ok
E6A3,Sova,50.36,0.0,390191,8721312,4.474,,50.36,50.55,50.19,49.8,213546,110434,39090,27121,ok
E7A1,Sova,50.36,0.0,677680,13239719,5.119,,50.42,50.49,50.17,50.33,226979,118282,129210,203209,ok
E7A2,Sova,50.34,0.0,808083,11455020,7.054,,50.41,50.28,50.32,50.14,438161,257392,54929,57601,ok
E7A3,Sova,50.41,0.0,1046591,16793300,6.232,,50.45,50.49,50.33,50.08,526037,307793,105401,107360,ok
E8A1,Sova,50.39,0.0,878954,11823770,7.434,,50.46,50.38,50.01,50.16,526896,250965,58630,42463,ok
E8A2,Sova,50.36,0.0,962069,13784030,6.98,,50.5,50.33,49.88,49.91,517757,312995,71784,59533,ok
E8A3,Sova,50.32,0.0,741229,9127120,8.121,0.978,50.4,50.28,49.94,50.22,402403,215422,49407,73997,ok
E9A1,Sova,50.26,50.81,1220564,12941820,9.431,0.977,50.37,50.28,49.95,50.05,571624,367489,96836,184615,ok
E9A2,Sova,50.32,0.0,764881,11665060,6.557,,50.38,50.29,50.15,50.41,362394,198697,136533,67257,ok
E9A3,Sova,50.27,50.66,1511219,18446090,8.193,0.982,50.38,50.31,50.0,50.06,692831,435918,119166,263304,ok
V25A1,Sova,50.11,50.15,396165,8453790,4.686,0.974,50.3,50.02,49.41,50.18,187339,110319,43151,55356,ok
V25A2,Sova,50.44,51.06,671242,10558690,6.357,0.975,50.71,50.4,50.07,49.99,304197,195591,76642,94812,ok
V25A3,Sova,50.44,51.3,1083824,14072740,7.702,0.975,50.51,50.48,50.26,50.24,491118,320150,109394,163162,ok
V25A4,Sova,50.27,51.03,768784,8396800,9.156,0.972,50.31,50.34,49.95,50.26,336969,219673,74676,137466,ok
V25A5,Sova,50.42,51.34,930267,10833910,8.587,0.981,50.58,50.41,50.22,50.18,397660,279189,105423,147995,ok
V25A6,Sova,50.42,51.0,1089364,15819470,6.886,0.977,50.59,50.42,50.18,50.11,474071,318942,117925,178426,ok
V26A1,Sova,50.45,51.25,1028367,13972480,7.36,0.968,50.61,50.45,50.14,50.08,487630,309747,89706,141284,ok
E6A3,Tejo,,,0,8721312,0.0,,,,,,0,0,0,0,no_picks
E7A1,Tejo,,,0,13239719,0.0,,,,,,0,0,0,0,no_picks
E7A2,Tejo,,,0,11455020,0.0,,,,,,0,0,0,0,no_picks
E7A3,Tejo,,,0,16793300,0.0,,,,,,0,0,0,0,no_picks
E8A1,Tejo,,,0,11823770,0.0,,,,,,0,0,0,0,no_picks
E8A2,Tejo,,,0,13784030,0.0,,,,,,0,0,0,0,no_picks
E8A3,Tejo,,,0,9127120,0.0,,,,,,0,0,0,0,no_picks
E9A1,Tejo,,,0,12941820,0.0,,,,,,0,0,0,0,no_picks
E9A2,Tejo,,,0,11665060,0.0,,,,,,0,0,0,0,no_picks
E9A3,Tejo,,,0,18446090,0.0,,,,,,0,0,0,0,no_picks
V25A1,Tejo,,,0,8453790,0.0,,,,,,0,0,0,0,no_picks
V25A2,Tejo,46.36,45.59,239141,10558690,2.265,0.95,46.04,46.19,46.75,47.89,117973,64904,33223,23041,ok
V25A3,Tejo,45.2,45.06,67671,14072740,0.481,0.947,44.94,45.46,44.95,46.53,39589,18767,4378,4937,ok
V25A4,Tejo,48.55,48.43,106354,8396800,1.267,0.984,47.95,48.05,47.16,51.02,46797,26980,9993,22584,ok
V25A5,Tejo,48.92,48.7,260232,10833910,2.402,0.99,48.6,48.75,49.08,49.71,109887,71577,23908,54860,ok
V25A6,Tejo,49.05,48.76,577568,15819470,3.651,0.985,48.81,49.16,48.93,49.42,231710,156450,64698,124710,ok
V26A1,Tejo,48.99,48.62,549204,13972480,3.931,0.979,48.67,49.13,49.63,49.22,245454,158301,50562,94887,ok
E6A3,Veto,,,0,8721312,0.0,,,,,,0,0,0,0,no_picks
E7A1,Veto,,,0,13239719,0.0,,,,,,0,0,0,0,no_picks
E7A2,Veto,45.81,0.0,68970,11455020,0.602,,46.01,45.4,46.06,44.09,48048,17037,2234,1651,ok
E7A3,Veto,46.28,0.0,517705,16793300,3.083,,46.27,46.11,46.66,46.58,289999,147193,51212,29301,ok
E8A1,Veto,45.97,0.0,110029,11823770,0.931,,45.86,46.14,46.13,48.01,81159,23645,3317,1908,ok
E8A2,Veto,50.47,0.0,275459,13784030,1.998,,50.41,50.5,50.44,50.87,160148,84397,15163,15751,ok
E8A3,Veto,51.07,0.0,303664,9127120,3.327,1.087,50.78,51.15,52.1,52.02,175045,82223,19502,26894,ok
E9A1,Veto,51.32,51.58,382328,12941820,2.954,1.09,51.09,51.48,52.56,51.1,184587,107790,30264,59687,ok
E9A2,Veto,,,0,11665060,0.0,,,,,,0,0,0,0,no_picks
E9A3,Veto,51.38,51.75,582498,18446090,3.158,1.087,51.01,51.49,51.59,52.07,269193,161199,48088,104018,ok
V25A1,Veto,51.92,52.45,288294,8453790,3.41,1.091,51.59,52.67,52.08,51.32,130507,82351,33839,41597,ok
V25A2,Veto,49.71,49.66,311480,10558690,2.95,1.043,49.46,50.02,49.7,49.94,144435,83440,37347,46258,ok
V25A3,Veto,49.34,49.24,337634,14072740,2.399,1.036,49.1,49.37,50.16,49.54,164145,92124,34518,46847,ok
V25A4,Veto,49.83,49.82,164225,8396800,1.956,1.034,49.27,49.71,50.69,51.21,78841,44310,14905,26169,ok
V25A5,Veto,49.43,49.37,190550,10833910,1.759,1.03,49.15,49.36,50.81,49.5,91748,53453,20671,24678,ok
V25A6,Veto,49.1,49.02,220803,15819470,1.396,1.024,48.97,49.11,49.7,49.21,116304,61560,19300,23639,ok
V26A1,Veto,49.71,49.68,170811,13972480,1.222,1.023,49.24,49.56,50.71,52.45,97240,47038,11745,14788,ok
E6A3,Viper,49.83,0.0,194382,8721312,2.229,,49.68,49.94,50.31,50.54,120408,52522,12655,8797,ok
E7A1,Viper,49.94,0.0,213949,13239719,1.616,,49.52,49.43,50.69,50.73,97783,38026,27268,50872,ok
E7A2,Viper,49.82,0.0,574772,11455020,5.018,,49.73,49.9,50.04,49.92,317818,177150,36607,43197,ok
E7A3,Viper,50.27,0.0,519906,16793300,3.096,,50.31,50.15,50.11,50.52,277463,147025,45829,49589,ok
E8A1,Viper,50.28,0.0,630337,11823770,5.331,,50.41,50.12,50.07,49.82,386909,173802,39333,30293,ok
E8A2,Viper,49.41,0.0,416858,13784030,3.024,,49.37,49.51,49.2,49.49,217408,133164,33113,33173,ok
E8A3,Viper,49.12,0.0,165185,9127120,1.81,1.008,49.01,49.08,48.96,49.83,88346,46576,11525,18738,ok
E9A1,Viper,49.06,47.48,221408,12941820,1.711,1.005,49.15,49.0,48.79,49.06,101352,62882,18319,38855,ok
E9A2,Viper,50.31,0.0,399845,11665060,3.428,,50.25,50.27,50.57,50.3,204439,100329,63096,31981,ok
E9A3,Viper,48.53,48.38,88354,18446090,0.479,1.017,47.97,49.13,48.12,49.52,46399,22980,5002,13973,ok
V25A1,Viper,48.12,48.01,36410,8453790,0.431,1.034,47.32,48.16,51.83,48.64,19241,7974,3247,5948,ok
V25A2,Viper,49.29,48.28,212320,10558690,2.011,1.014,49.12,49.24,49.57,49.62,92631,58570,24725,36394,ok
V25A3,Viper,49.38,48.53,282584,14072740,2.008,1.017,49.24,49.26,49.81,49.68,125102,79888,28800,48794,ok
V25A4,Viper,49.65,49.29,194785,8396800,2.32,1.024,49.39,48.93,49.29,51.08,79567,50936,19477,44805,ok
V25A5,Viper,49.85,49.86,47570,10833910,0.439,1.066,49.17,49.4,51.5,50.6,19673,10050,4833,13014,ok
V25A6,Viper,49.01,48.98,81815,15819470,0.517,1.052,47.98,48.47,50.8,49.92,29781,15862,7531,28641,ok
V26A1,Viper,49.42,49.02,251343,13972480,1.799,1.012,49.7,49.06,49.23,49.34,115017,68494,22539,45293,ok
E6A3,Vyse,,,0,8721312,0.0,,,,,,0,0,0,0,no_picks
E7A1,Vyse,,,0,13239719,0.0,,,,,,0,0,0,0,no_picks
E7A2,Vyse,,,0,11455020,0.0,,,,,,0,0,0,0,no_picks
E7A3,Vyse,,,0,16793300,0.0,,,,,,0,0,0,0,no_picks
E8A1,Vyse,,,0,11823770,0.0,,,,,,0,0,0,0,no_picks
E8A2,Vyse,,,0,13784030,0.0,,,,,,0,0,0,0,no_picks
E8A3,Vyse,,,0,9127120,0.0,,,,,,0,0,0,0,no_picks
E9A1,Vyse,,,0,12941820,0.0,,,,,,0,0,0,0,no_picks
E9A2,Vyse,,,0,11665060,0.0,,,,,,0,0,0,0,no_picks
E9A3,Vyse,,,0,18446090,0.0,,,,,,0,0,0,0,no_picks
V25A1,Vyse,49.09,48.63,514575,8453790,6.087,0.959,48.87,49.2,49.41,49.54,268821,138924,46677,60153,ok
V25A2,Vyse,49.02,48.46,534348,10558690,5.061,0.96,48.96,49.0,48.98,49.27,251068,144116,54584,84580,ok
V25A3,Vyse,48.65,48.15,281982,14072740,2.004,0.948,48.63,48.61,48.61,48.95,144809,81184,35312,20677,ok
V25A4,Vyse,47.22,47.13,32871,8396800,0.391,0.935,47.08,46.77,51.43,47.62,21944,7834,1394,1699,ok
V25A5,Vyse,47.17,47.07,57492,10833910,0.531,0.939,47.39,47.11,48.94,43.66,35552,15706,2787,3447,ok
V25A6,Vyse,48.22,48.14,108385,15819470,0.685,0.941,48.12,48.14,47.21,49.48,60657,28325,7196,12207,ok
V26A1,Vyse,48.56,48.46,137738,13972480,0.986,0.952,49.01,48.28,47.38,47.48,78407,37443,8371,13517,ok
E6A3,Waylay,,,0,8721312,0.0,,,,,,0,0,0,0,no_picks
E7A1,Waylay,,,0,13239719,0.0,,,,,,0,0,0,0,no_picks
E7A2,Waylay,,,0,11455020,0.0,,,,,,0,0,0,0,no_picks
E7A3,Waylay,,,0,16793300,0.0,,,,,,0,0,0,0,no_picks
E8A1,Waylay,,,0,11823770,0.0,,,,,,0,0,0,0,no_picks
E8A2,Waylay,,,0,13784030,0.0,,,,,,0,0,0,0,no_picks
E8A3,Waylay,,,0,9127120,0.0,,,,,,0,0,0,0,no_picks
E9A1,Waylay,,,0,12941820,0.0,,,,,,0,0,0,0,no_picks
E9A2,Waylay,,,0,11665060,0.0,,,,,,0,0,0,0,no_picks
E9A3,Waylay,,,0,18446090,0.0,,,,,,0,0,0,0,no_picks
V25A1,Waylay,,,0,8453790,0.0,,,,,,0,0,0,0,no_picks
V25A2,Waylay,,,0,10558690,0.0,,,,,,0,0,0,0,no_picks
V25A3,Waylay,,,0,14072740,0.0,,,,,,0,0,0,0,no_picks
V25A4,Waylay,,,0,8396800,0.0,,,,,,0,0,0,0,no_picks
V25A5,Waylay,,,0,10833910,0.0,,,,,,0,0,0,0,no_picks
V25A6,Waylay,,,0,15819470,0.0,,,,,,0,0,0,0,no_picks
V26A1,Waylay,,,0,13972480,0.0,,,,,,0,0,0,0,no_picks
E6A3,Yoru,48.21,0.0,83660,8721312,0.959,,47.81,48.41,49.53,49.69,49893,22816,6618,4333,ok
E7A1,Yoru,48.39,0.0,133117,13239719,1.005,,47.46,48.62,48.06,50.01,55924,24413,20137,32643,ok
E7A2,Yoru,48.48,0.0,168356,11455020,1.47,,48.26,48.47,49.29,49.76,98373,49007,10012,10964,ok
E7A3,Yoru,48.93,0.0,196998,16793300,1.173,,48.62,48.96,49.31,50.78,110938,55302,16528,14230,ok
E8A1,Yoru,48.41,0.0,164057,11823770,1.388,,48.11,48.63,49.03,50.58,104650,42673,9004,7730,ok
E8A2,Yoru,48.62,0.0,181735,13784030,1.318,,48.03,48.94,49.7,51.6,106118,52678,11987,10952,ok
E8A3,Yoru,48.3,0.0,114110,9127120,1.25,0.995,47.83,48.23,50.28,50.18,66628,29864,6468,11150,ok
E9A1,Yoru,48.53,48.67,155755,12941820,1.204,1.002,48.01,48.59,50.56,49.25,79890,41013,10394,24458,ok
E9A2,Yoru,48.47,0.0,156716,11665060,1.343,,47.98,48.84,48.9,49.92,84479,38725,21646,11866,ok
E9A3,Yoru,49.01,48.92,262814,18446090,1.425,1.009,48.61,49.13,49.28,49.67,123709,66570,18002,54533,ok
V25A1,Yoru,49.37,49.33,181927,8453790,2.152,1.009,48.68,49.2,48.81,51.15,76443,44165,21184,40135,ok
V25A2,Yoru,49.08,48.92,255429,10558690,2.419,1.009,48.79,48.84,50.48,49.29,113573,66788,27254,47814,ok
V25A3,Yoru,48.88,48.71,333491,14072740,2.37,1.008,48.45,48.75,49.57,49.78,150528,89450,32387,61126,ok
V25A4,Yoru,48.65,48.39,221826,8396800,2.642,1.01,48.32,48.51,49.01,49.19,90097,55922,20720,55087,ok
V25A5,Yoru,48.99,48.77,381502,10833910,3.521,1.014,48.54,49.02,48.81,49.9,153543,103963,42461,81535,ok
V25A6,Yoru,48.81,48.56,423484,15819470,2.677,1.017,48.35,48.92,49.36,49.13,160520,105823,45330,111811,ok
V26A1,Yoru,49.01,48.59,631208,13972480,4.518,1.018,48.67,49.3,49.1,49.21,245120,171104,64463,150521,ok
V26A2,Astra,48.41,,84753,6036430,1.4,1.014,48.87,48.07,47.15,48.38,43846,25574,9144,6189,ok
V26A2,Breach,48.44,,141111,6036430,2.34,0.906,48.58,48.31,48.25,47.86,78870,44933,12632,4676,ok
V26A2,Brimstone,50.97,,107173,6036430,1.78,0.975,51.09,51.08,50.68,50.16,57151,30147,11994,7881,ok
V26A2,Chamber,49.84,,662895,6036430,10.98,1.098,49.81,49.87,49.88,49.83,321166,205451,90576,45702,ok
V26A2,Clove,53.06,,356961,6036430,5.91,0.945,53.27,53.28,52.66,52.0,159161,107561,60379,29860,ok
V26A2,Cypher,50.5,,183190,6036430,3.03,1.0,50.41,50.06,50.94,51.98,94299,52410,21193,15288,ok
V26A2,Deadlock,49.87,,59348,6036430,0.98,0.984,49.99,49.66,50.74,47.09,37344,16487,3920,1597,ok
V26A2,Fade,50.53,,305301,6036430,5.06,0.949,50.61,50.57,50.45,50.17,138535,90502,47346,28918,ok
V26A2,Gekko,49.5,,60734,6036430,1.01,0.898,49.6,49.37,48.01,50.59,43522,14715,1987,510,ok
V26A2,Harbor,46.89,,23377,6036430,0.39,0.935,46.98,46.47,47.99,46.48,13785,6620,1765,1207,ok
V26A2,Iso,49.72,,51402,6036430,0.85,1.024,50.08,49.25,49.04,50.25,25300,15162,6492,4448,ok
V26A2,Jett,49.81,,696873,6036430,11.54,1.046,49.78,49.81,49.86,49.98,348192,217621,86793,44267,ok
V26A2,KAYO,46.02,,46085,6036430,0.76,0.908,46.08,45.76,47.87,43.62,31462,11647,1903,1073,ok
V26A2,Killjoy,50.49,,142648,6036430,2.36,1.005,50.24,50.88,50.53,50.84,77199,41098,15681,8670,ok
V26A2,Miks,49.33,,31296,6036430,0.52,1.034,49.56,49.32,48.19,49.71,15969,8861,4042,2424,ok
V26A2,Neon,51.13,,420654,6036430,6.97,0.97,50.85,51.3,51.44,51.19,172072,120355,74659,53568,ok
V26A2,Omen,47.09,,186921,6036430,3.1,0.965,47.26,46.86,45.9,48.25,108825,52470,15225,10401,ok
V26A2,Phoenix,51.45,,184424,6036430,3.06,1.049,51.65,51.49,50.47,50.87,103527,53183,17326,10388,ok
V26A2,Raze,50.32,,254500,6036430,4.22,1.017,50.62,50.23,49.68,49.19,136584,76193,27370,14353,ok
V26A2,Reyna,49.38,,429004,6036430,7.11,1.052,49.47,49.44,49.09,48.69,229312,129914,49647,20131,ok
V26A2,Sage,51.71,,140932,6036430,2.33,0.934,51.66,51.93,51.79,50.64,94328,35826,7725,3053,ok
V26A2,Skye,49.97,,249790,6036430,4.14,0.935,49.99,49.88,50.04,50.11,127856,75791,30956,15187,ok
V26A2,Sova,50.44,,312938,6036430,5.18,0.969,50.63,50.46,50.1,49.77,149022,95438,43058,25420,ok
V26A2,Tejo,48.53,,175518,6036430,2.91,0.986,48.26,48.34,48.69,50.16,81067,50228,28215,16008,ok
V26A2,Veto,49.39,,74011,6036430,1.23,1.023,49.13,49.28,51.34,48.41,39177,20371,9080,5383,ok
V26A2,Viper,49.59,,93456,6036430,1.55,1.018,50.03,49.56,48.89,48.99,41459,25844,13784,12369,ok
V26A2,Vyse,49.09,,84932,6036430,1.41,0.95,49.21,49.65,48.41,47.9,40880,23730,12226,8096,ok
V26A2,Waylay,48.88,,439070,6036430,7.27,0.949,48.99,48.78,48.73,48.76,224790,131461,53884,28935,ok
V26A2,Yoru,48.09,,37133,6036430,0.62,1.0,48.29,48.26,46.42,48.76,19390,11187,4298,2258,ok
